Nombre;Precio
Elegante Paraguas De 90cm;6990.00
NUEVO BOTELLON Y VASO STANLEY - EDICIÓN LIMITADA 2 en 1;17199.00
Rack Perchero Organizador de Ropa con Estante Inferior;26990.00
Súper Organizador para Lavarropas;27499.00
Escurridor Elegante de Platos Premium Doble Nivel;13990.00
OFERTA DE LA SEMANA;7990.00
SUPER AURICULARES GAMER CON MICRÓFONO;7999.00
Auriculares Estilo AirPods Max;15990.00
TERMOS MATE LISTO 1L;17990.00
Set Molinillo de sal y pimienta;3490.00
Karaoke portátil;12990.00
Hiper Cable 4 en 1 de Alta Potencia;2990.00
CALOVENTOR ELÉCTRICO PORTÁTIL DOBLE FUNCION VENTILADOR VERANO + CALOR EN INVIERNO;17390.00
LUZ LED 20W RECARGABLE CON IMÁN;6990.00
Luz portable con cargador incluido;2690.00
LIMPIA VIDRIOS MAGNÉTICO DOBLE CARA;7390.00
COMBO STANLEY;24990.00
ROBOT INTELIGENTE DE LIMPIEZA;24990.00
MOPA 2 EN 1 - MODELO 2026;18990.00
CINTA ORIGINAL PARA LIFTING DE BUSTO;3190.00
AURICULARES INALÁMBRICOS CON DISPLAY LED;5990.00
Auriculares M10 Pro Hi-Fi con Power Bank Integrado;5780.00
SMARTWATCH T-WATCH X MAX - SERIES X;21490.00
Organizador de Escritorio Elegante madera + apoya celular;11990.00
ORGANIZÁ TU BAÑO CON ESTILO;22990.00
Humidificador Aromático con Luces LED;8190.00
Humidificador Aromático Ultrasónico 300 ml;7890.00
Balanza Inteligente de Baño con Bluetooth y App - 180 kg;13990.00
Humidificador Ultrasónico de 300 ml;7890.00
Auriculares Gaming Inalámbricos 5ta Generación;7290.00
ESPEJO LED PARA MAQUILLAJE;8990.00
Mini Plancha para viaje;10290.00
Termo símil Stanley;20990.00
Organizador de Huevos - Automático por Gravedad;11000.00
CARGADOR COMPLETO APPLE;4490.00
KIT DE AUXILIO PENG CHENG;3349.00
KITS DE AUXILIO PENG CHENG;3390.00
Set de Cuchillos CHEFF Premium - 6 piezas;19990.00
Exprimidor Eléctrico Automático;21990.00
Humidificador Ultrasónico TIPO VOLCAN;11990.00
SUPER Auriculares GAMING GM-006;8490.00
Juego de Cubiertos Barichello de 24 Piezas;13990.00
Respaldo Lumbar Ergonómico con Malla Transpirable;3790.00
Organizador Colgante de Tela - 10 Compartimentos;7499.00
Balde MOPA Centrifugador Reforzado de 5 Litros con Tambor de Acero Inoxidable;16799.00
Lámpara Proyector Estelar Star Master;3990.00
Botella térmica inteligente Stanley - 500ml;9490.00
Cable Samsung Tipo-C 25W - Turbo Fast Charge;2099.00
Cable de iPhone;2290.00
Depiladora Facial 2 en 1 de Lujo;5990.00
Smartwatch Ultra 3 + Auriculares Pro9 + 4 pulseras intercambiables;34990.00
Tapa para Termo Universal;2099.00
Espejo con Luz LED Portátil;8990.00
Set Termo + Mate Stanley y Bombilla [solo verde];24990.00
Set de cuchillos + accesorios en colores pastel;7990.00
KIT DE LUCES LED PARA BICICLETA - DELANTERA Y TRASERA;3853.00
Reloj T2000 Ultra 2;13627.00
Set de 24 Marcadores Profesionales Touch Doble Punta;7437.00
Set Touch de 36 marcadores doble punta;9837.00
Torno de Uñas Profesional + Accesorios;10237.00
Sacacorchos Eléctrico Recargable;14493.00
Paraguas Extra Grande 120cm Mango Antideslizante (Negro y Marron);6990.00
LUZ LED INTELIGENTE DE 30 CM - RECARGABLE CON SENSOR;8990.00
Cable USB V8 (Micro USB) 35W;1990.00
Cable USB Tipo-C 35W;1990.00
Auricular JBL TUNE 760BT - by Harman;24990.00
BROCHES DE MADERA REFORZADOS - DOCENA;849.00
ORGANIZADOR DE MAQUILLAJE CON CAJONES;7490.00
ORGANIZADOR MULTIFUNCIÓN DE ESCRITORIO;7490.00
ESPECIERO GIRATORIO SPICE CAROUSEL - 12 FRASCOS;17990.00
Pava electrica con Corte para mate y cafe;17490.00
DISPENSADOR AUTOMÁTICO DE AGUA RECARGABLE;9990.00
FRASCO DE GOMITAS PARA EL PELO (x100 unidades);3690.00
Compatible para pantallas de 26 a 63 pulgadas;6590.00
Dicroica Inteligente RGB Multicolor;6490.00
;11990.00
Humidificadores con luces LED;7490.00
HUMIDIFICADOR H2O CON LUZ LED;7490.00
Balanza Digital de Precisión Profesional Mini con Pilas;6990.00
ORGANIZADOR MULTIFUNCIONAL 4 EN 1;19990.00
PILA ENERGIZER AA (Doble A);839.00
"SOPORTE TV FIJO DE 14"" A 42"" - NEGRO";3990.00
CÁMARA DE SEGURIDAD INALÁMBRICA;17690.00
BALANZA DIGITAL DE PRECISIÓN CON BOWL;7990.00
SMARTWATCH W26 PRO MAX;15490.00
VELADOR UNICORNIO 3 EN 1;13990.00
CABLE CARGADOR MOTOROLA 25W TURBO;1590.00
CARGADOR MOTOROLA X50;5290.00
CUCHILLO TRAMONTINA PREMIUM;4290.00
ORGANIZADOR BAJO CAMA - 80x45x15 cm;4590.00
Estufa cuarzo de 2 velas;14899.00
Auriculares Bluetooth Modernos Super Potentes;5990.00
CINTA DESTAPACAÑERÍAS 3M - RESORTE DE ACERO 5MM;3790.00
Armario Organizador de Tela 130x45x170 cm;29990.00
TIRA LED RGB 5 METROS CON CONTROL REMOTO;15990.00
PROYECTOR ASTRONAUTA;19990.00
AURICULAR BLUETOOTH DE UNICORNIO;12990.00
alfombras de felpa ultra suave;5990.00
ORGANIZADOR DE ZAPATOS 9 NIVELES;25990.00
Dispensador de Bolsas para Mascotas;1790.00
Capibar original HACE DE TODO;29450.00
COMBO ORGANIZACIÓN TOTAL;18990.00
BOLSA AL VACÍO EXTRA GRANDE;4490.00
1 Tabla 6 Cuchillos y 6 Tenedores;15490.00
Cabina de uña SUNONE 30LED 48W;16690.00
Cabina para uñas portátil;6990.00
PELUCHE VOLADOR DE CARPINCHO PARA MUÑECA;10990.00
CUCHARA MEDIDORA DIGITAL;6490.00
ESPEJO LED TOUCH - ILUMINACIÓN PERFECTA PARA TU RUTINA;8790.00
PARLANTE BLUETOOTH ROYALCELL RP-6121 de 65´ CON MICRÓFONO Y CONTROL REMOTO;24990.00
Mueble de Metal 2 en 1;21990.00
Paraguas de Colores Pastel - Automático y Resistente;3990.00
Peluche Interactivo Capibara con Nariz Extensible y Vibración;11990.00
SET DE TAZAS HIGH PORCELAIN - ELEGANCIA Y CALIDAD;14990.00
TENDER GIRATORIO DE 16 BROCHES;1990.00
Afilador de Cuchillos 4 en 1 con Mango Ergonómico;3490.00
Depilador Facial Portátil;5490.00
Correa Retráctil Extensible Mascota Automática 5m;9990.00
Control Universal Smart TV LCD;5800.00
Calculadora Científica;5490.00
Kit de Grabación Profesional para Celular;10490.00
Set de Cocina 3 en 1 - Disponible en Azul o Rosa;4790.00
Rizador de Pestañas Eléctrico con Calor;4990.00
Sellador de Bolsas Portátil con Cargador;3790.00
Set de 2 Vasos Doble Pared - Elegancia y Funcionalidad en Cada Sorbo;10990.00
Set de 32 Colitas Elásticas Flúor;3390.00
Mopa Spray con Dispensador de Agua - Práctica y Eficiente;8990.00
Mopa Mágica con Balde Autoescurrible;14990.00
ILUMINA TU ESPACIO CON ENERGÍA SOLAR 20W;13990.00
MANTÉN TU AUTO FRESCO EN TODO MOMENTO;9990.00
SET DE BOTELLAS 3 EN 1 - ESTILO COMODIDAD Y FUNCIONALIDAD;15490.00
Máxima Seguridad para Tu Moto y Más;10490.00
Alfombra Antideslizante de Secado Rápido;4990.00
;4990.00
Mini Impresora Térmica Bluetooth;17990.00
MOCHILAS MEDIANAS/GRANDES VANS & NIKE;13490.00
RECORTADOR DE VELLO NASAL RECARGABLE;5490.00
DEPILADOR FACIAL RECARGABLE FLAWLESS 18K;5490.00
TERMÓMETRO DIGITAL CON BEEPER;1990.00
Luz y Bocina Recargable para Bicicleta;6990.00
Mini Masajeador Portátil Recargable;3990.00
SET DE UTENSILIOS DE COCINA 11 PIEZAS!;17990.00
PROYECTOR DE NEBULOSA CON ESTRELLAS;15490.00
ADAPTADOR TIME USB-C 21W + CABLE USB-C A USB-C (1M);5490.00
Cargador USB-C 35W Súper Potente;9490.00
Cepillo Masajeador para Mascotas con Pulverizador;5390.00
CABLES PUENTE 400AMP + BOLSO;7990.00
Mochila con carrito - Mediana;10990.00
Botineros para llevar tus botines al partido;3490.00
Bolso Sports Grande - 4 Compartimientos;9490.00
Set de tasa para cafe Acrilico reforsadas;13990.00
¡SONNY ANGEL HIPPERS EDICIÓN FRUTAS & VERDURAS;5390.00
COLECCIONA LOS ADORABLES SONNY ANGEL HIPPERS;5390.00
AGUA MÁS PURA Y SEGURA EN CASA! PURIFICADOR SWS;8790.00
ASPIRADORA;21490.00
MOPA AUTOMÁTICA CON SPRAY;12990.00
SET DE TERMO + 2 TAZAS! ELEGANTE Y FUNCIONAL;16990.00
Cargador micro Micro USB;3390.00
ENCENDEDOR RECARGABLE;4490.00
CARGADOR SAMSUNG TIPO C 15W;4990.00
LÁMPARA NOCTURNA DE OSO PANDA CON BUFANDA (silicona);17990.00
Tetera de Vidrio con Infusor;5490.00
Mochila de Jardín - Práctica y Colorida;2000.00
Set de Brochas de Maquillaje - Código 16047;2990.00
Set de Brochas de Maquillaje;3990.00
Destornillador Inalámbrico 3.6V;21990.00
Cinta Doble Faz Transparente 3M - 20mm;3490.00
Proyector Astronauta - Modelo Grande;20990.00
Soporte Universal para Espejo Retrovisor de Auto;5990.00
Soporte para Vehículo - Vehicle Bracket;4990.00
Soporte para Celular con Ventosa de Silicona - Ideal para Auto;4490.00
Smartwatch - Tecnología y estilo en tu muñeca;8990.00
Lámpara Solar de Pared con Sensor de Movimiento;14890.00
Ventilador Aire Frío Humidificador y Enfriador;17990.00
SET DE BOTELLAS DEPORTIVAS - 3 PIEZAS;10990.00
Moving Helper - Kit de Herramientas para Transporte de Muebles;10337.00
Organizador de Cuchillos de Plástico;9990.00
Peluche Cactus Iuminoso Baila Canta Y Repite Voz Juguete Color Verde;9990.00
Encendedor Linterna M8 Recargable;5490.00
Parlante Bluetooth para Ducha con Ventosa;6290.00
Palo Selfie con Luz + Trípode USB Recargable;5990.00
Lámpara Mata Mosquitos LED;6990.00
Dispenser de Agua Automático y Recargable;6490.00
Pinza Amperimétrica Digital Gralf DT266 1000A;15490.00
Ventilador de cuello inalámbrico y recargable;10490.00
Kit de auxilio de bicicleta;999.00
Luz de Emergencia Recargable - 60 LEDs;11990.00
Aro De Luz Led Selfie Recargable Usb Ring Light 3w;2990.00
Cortina Mosquitera con Cierre Magnético;12290.00
Vaso Cervecero Stanley con Parlante y Destapador;16490.00
Tender de Pie de Acero - 3 Pisos;29990.00
Panel de Embutir LED 18W - Luz Fría 6500K;3990.00
Aspiradora Vacuum MINI YFM2037;9990.00
Aplique Luz LED con Sensor de Movimiento;3990.00
Blister;2250.00
Cuchillo/tenedor mango de madera;5490.00
;5490.00
Cucharas/tenedores mango negro;4990.00
Soporte Ajustable Para Portátil Y Tablet De 11 A 17 Pulgadas (S) (ROSA);3490.00
Alfombra para Baño Absorbente y Antideslizante;5490.00
Luz de Emergencia 30 LED;6990.00
Calentador Mamadera Portátil Usb Algodón Y Spandex 28x13Cm (S);6990.00
Organizador de Asiento Trasero para Auto (S);6343.00
Oxigenador De Vino (S);8773.00
Torno profesional de uñas;24990.00
Slime Colores En Pote Con Princesa (S);3390.00
Bolsa De Almacenamiento Digital Viajero Multifuncional 24X8X9Cm (S);6837.00
Pote de Slime Elástico con Muñeco de Avengers (S);3390.00
PINZA ALICATE DE 8;4490.00
CARGADOR SAMSUNG MICRO USB 15W C/CABLE DESMONTABLE;4390.00
ANAFE U-LINE (UL-1801C);17990.00
VENTILADOR PORTATIL 3 VELOCIDADES;6990.00
POWER BANK LAMBOTECH 20000mAh DIGITAL C/LINTERNA;13990.00
Pizarra mágica con diseño de 9 pulgadas;6490.00
PALO SELFIE DASH 1M;3990.00
MICROFONO CORBATERO 3.5mm (1.5M);3990.00
Set Destornilladores 6 Piezas Mango Plástico;4290.00
Kit Llave T Con Puntas Y Tubos De 24 Piezas;4990.00
KIT DE HERRAMIENTAS 10 PCS;9990.00
JUEGO DE PINZA 6 PLG DEST/FRANCESA;13990.00
INFLADOR MULTIUSO METALIZADO;5490.00
CORTINA ALAMBRE 3X2 USB C/CONTROL MULTICOLOR;10990.00
Control universal De aire acondicionado;4990.00
Cepillo de dientes infantil;3937.00
Auriculares Simil iphone;4190.00
Auriculares Estéreo con Cable EXTRA BASS;7990.00
Auriculares M20;6990.00
ESTANTE PLÁSTICO PARA LAVARROPAS;25990.00
La luz perfecta para tu hogar 10 CM;6890.00
Termo stanley 1.4 LTS + mate + bombilla [simil varios colores];29990.00
Linterna LED Recargable compacta y potente;6790.00
Kit de Herramientas Profesional - 122 Piezas;12990.00
Comprá el Parlante Bluetooth + Linterna Recargable compacta;16990.00
Parlante karaoke (1 Microfono);10990.00
Pelota Inflable Gigante con Forma de Pelota de Tenis;7464.00
ALARMA PARA PUERTAS Y VENTANAS;3190.00
COMPRESOR PORTÁTIL 12V;17990.00
"Pizarra Mágica LCD 85"" Multicolor";3190.00
"Tableta de Escritura LCD 12"" Multicolor";5990.00
Punching Bag Inflable para Niños;7490.00
Pack de 1/2 Docena de Cuchillos y 1/2 Docena de Tenedores;10490.00
1/2 de Tenedores de Mango de Madera;4990.00
PACK DE TENEDOR Y CUCHILLOS;19990.00
Juguete Interactivo para Gatos;6490.00
Set Jardinería Básico;3990.00
PACK DE 12 LAPICERAS BORRABLES DE GEL CON GOMA;3990.00
Bombuchas (5 paquetes de 100 unidades cada uno);3190.00
"Tijera Multifunción Mediana 7.5""/19cm (S)";1990.00
Esfera Voladora Con Luces LED RGB 360° (S);9390.00
Raqueta Mata Mosquitos Recargable USB-C Linterna (S);9990.00
Set Tubo 46 Piezas Caja Roja (S);13490.00
Escurridor de platos Plegable (S);6990.00
Auricular Bt Inalambrico M30 (S);6490.00
Linterna Minera Mini Color + pila (S);4280.00
Llave 48 en 1 (S);12900.00
Calculadora Pizarra Mágica Educativa Con Actividades Matemáticas (S);9490.00
Transformá tu espacio con nuestro Proyector Galáctico;8690.00
Ducha de Alta Presión Turbo;7490.00
Dona gigante flotadora;8490.00
Mouse Bluetooth con pilas AAA incluidas;6990.00
;6990.00
Balanza Digital Moderna;14690.00
Kit de Herramientas con Estuche Organizador;8990.00
Cortadora de pelo con visor Transparente Recargable;11990.00
Kit Valija de Arte con Lápices Fibras y Valija 42 Piezas de Colores (S);5850.00
Kit de Arte con Lápices Fibras y Valija 86 Piezas de Colores (S);9990.00
Kit de arte 68 Piezas Infantil Lapices Acuarelas Colegio;7490.00
Set de cocina ( 18 piezas );11990.00
Kit de Arte con Lápices Fibras y Valija 150 Piezas de Colores (S);13490.00
Linterna Minera (S);3990.00
Lima Para Uñas Cortador Eléctrico Para Bebes Luz (S);9776.00
Pistola Hidrolavadora Eléctrica Hidro Portátil 48v 1300w (S);48958.00
Juego de Utensilios de Cocina de Nylon (6);4990.00
Termómetro Infrarrojo Digital;10490.00
Pelota de todo tipo por unidad;6990.00
;13500.00
;6990.00
Cortadora de pelo Patillera (S);7490.00
Pilas recargables;9990.00
batidor de leche;2780.00
Parlante doble bocina;13990.00
;13990.00
;13990.00
;13990.00
;13990.00
;13990.00
;13990.00
;13990.00
;13990.00
Balanza de Cocina Profesional;6790.00
Auriculare b p47;6137.00
;6137.00
;6137.00
Tira de led Multicolor Con control;7990.00
;7990.00
Mini Parlante apoya Celular;6897.00
;6897.00
;6897.00
;6897.00
Auriculares Galaxy S10+;2937.00
;2937.00
Quick Push Pop It;6490.00
;6490.00
Linterna Inalambrica Con caragador;3489.00
Mini Parlante Bluetooh con luces;7690.00
Luz de Navidad blanco calido x 100 led;3837.00
Auricular BT orejas gatito;7890.00
Kit Alarma Inalámbrica Teclado y Sensor Magnético;10876.00
Triturador Manual Inalámbrico USB;9690.00
Parlante Doble bocina 3 pulgadas;9999.00
